序号,链接,节点数
0,https://gist.githubusercontent.com/peasoft/9a4fc878754a169c082580bb12cfae94/raw/,10
1,https://pai.yt/clash,0
2,https://raw.githubusercontent.com/Huibq/TrojanLinks/master/links/vmess,0
3,https://raw.githubusercontent.com/Surfboardv2ray/TGParse/main/python/hy2,0
4,https://raw.githubusercontent.com/Surfboardv2ray/TGParse/main/python/hysteria2,0
5,https://raw.githubusercontent.com/ripaojiedian/freenode/main/clash,0
6,https://raw.githubusercontent.com/ripaojiedian/freenode/main/sub,14
7,https://raw.githubusercontent.com/shaoyouvip/free/refs/heads/main/all.yaml,0
8,https://raw.githubusercontent.com/zhangkaiitugithub/passcro/main/speednodes.yaml,0

总计,,24
